ID;Title;Year;Color;Format;Orientation;Style;Dimensions;Price;Image
GU02501;Facadism;2014;White;jpg;Landscape;Illustration;30x40 cm;Free;https://res.cloudinary.com/drpxmvfoz/image/upload/v1759179974/artPosters/GU02501_facadism_white_z7jsus.jpg
GU02502;Facadism Sky;2014;Sky;jpg;Landscape;Illustration;30x40 cm;Free;https://res.cloudinary.com/drpxmvfoz/image/upload/v1759179974/artPosters/GU02502_facadism_sky_gotkmi.jpg
GU02503;Facadism Sand;2014;Sand;jpg;Landscape;Illustration;30x40 cm;Free;https://res.cloudinary.com/drpxmvfoz/image/upload/v1759179975/artPosters/GU02503_facadism_sand_pp1foe.jpg
GU02504;Facadism Earth;2014;Earth;jpg;Landscape;Illustration;30x40 cm;Free;https://res.cloudinary.com/drpxmvfoz/image/upload/v1759179975/artPosters/GU02504_facadism_earth_g833zl.jpg
GU02505;Facadism Mint;2014;Mint;jpg;Landscape;Illustration;30x40 cm;Free;https://res.cloudinary.com/drpxmvfoz/image/upload/v1759179976/artPosters/GU02505_facadism_mint_mrbzah.jpg
GU02506;Conscious City;2014;White;jpg;Landscape;Illustration;30x40 cm;20;https://res.cloudinary.com/drpxmvfoz/image/upload/v1759179976/artPosters/GU02506_consciousCity_white_fni9rg.jpg
GU02507;Conscious City Sun;2014;Sun;jpg;Landscape;Illustration;30x40 cm;20;https://res.cloudinary.com/drpxmvfoz/image/upload/v1759179977/artPosters/GU02507_consciousCity_sun_npqiju.jpg
GU02508;Conscious City Sand;2014;Sand;jpg;Landscape;Illustration;30x40 cm;20;https://res.cloudinary.com/drpxmvfoz/image/upload/v1759179978/artPosters/GU02508_consciousCity_sand_jnfgro.jpg
GU02509;Conscious City Earth;2014;Earth;jpg;Landscape;Illustration;30x40 cm;20;https://res.cloudinary.com/drpxmvfoz/image/upload/v1759179980/artPosters/GU02509_consciousCity_earth_td8psi.jpg
GU02510;Conscious City Mint;2014;Mint;jpg;Landscape;Illustration;30x40 cm;20;https://res.cloudinary.com/drpxmvfoz/image/upload/v1759179979/artPosters/GU02510_consciousCity_mint_czv5xp.jpg
GU02511;God Is In The Detail;2022;White;jpg;Landscape;Typography;30x40 cm;Free;https://res.cloudinary.com/drpxmvfoz/image/upload/v1759179980/artPosters/GU02511_godIsInTheDetails_white_hoojjc.jpg
GU02512;God Is In The Detail Black;2022;Black;jpg;Landscape;Typography;30x40 cm;Free;https://res.cloudinary.com/drpxmvfoz/image/upload/v1759179981/artPosters/GU02512_godIsInTheDetails_black_dyf1jk.jpg
GU02513;God Is In The Detail Sky;2022;Sky;jpg;Landscape;Typography;30x40 cm;Free;https://res.cloudinary.com/drpxmvfoz/image/upload/v1759179982/artPosters/GU02513_godIsInTheDetails_sky_q0nfee.jpg
GU02514;God Is In The Detail Sand;2022;Sand;jpg;Landscape;Typography;30x40 cm;Free;https://res.cloudinary.com/drpxmvfoz/image/upload/v1759179983/artPosters/GU02514_godIsInTheDetails_sand_qk8fea.jpg
GU02515;God Is In The Detail Mint;2022;Mint;jpg;Landscape;Typography;30x40 cm;Free;https://res.cloudinary.com/drpxmvfoz/image/upload/v1759179984/artPosters/GU02515_godIsInTheDetails_mint_q4syar.jpg
GU02516;Stacked City;2020;White;jpg;Square;Illustration;50x50 cm;30;https://res.cloudinary.com/drpxmvfoz/image/upload/v1759179986/artPosters/GU02516_stackedCity_white_hbj78n.jpg
GU02517;Stacked City Sky;2020;Sky;jpg;Square;Illustration;50x50 cm;30;https://res.cloudinary.com/drpxmvfoz/image/upload/v1759179988/artPosters/GU02517_stackedCity_sky_depnc3.jpg
GU02518;Stacked City Sand;2020;Sand;jpg;Square;Illustration;50x50 cm;30;https://res.cloudinary.com/drpxmvfoz/image/upload/v1759179987/artPosters/GU02518_stackedCity_sand_ep1u3c.jpg
GU02519;Stacked City Earth;2020;Earth;jpg;Square;Illustration;50x50 cm;30;https://res.cloudinary.com/drpxmvfoz/image/upload/v1759179989/artPosters/GU02519_stackedCity_earth_fsftqu.jpg
GU02520;Stacked City Mint;2020;Mint;jpg;Square;Illustration;50x50 cm;30;https://res.cloudinary.com/drpxmvfoz/image/upload/v1759179990/artPosters/GU02520_stackedCity_mint_m99yq1.jpg
GU02521;Urban Virus;2016;White;jpg;Circle;Illustration;50x50 cm;30;https://res.cloudinary.com/drpxmvfoz/image/upload/v1759179992/artPosters/GU02521_urbanVirus_white_jj2oie.jpg
GU02522;Urban Virus Sun;2016;Sun;jpg;Circle;Illustration;50x50 cm;30;https://res.cloudinary.com/drpxmvfoz/image/upload/v1759179993/artPosters/GU02522_urbanVirus_sun_trsjag.jpg
GU02523;Urban Virus Sand;2016;Sand;jpg;Circle;Illustration;50x50 cm;30;https://res.cloudinary.com/drpxmvfoz/image/upload/v1759179992/artPosters/GU02523_urbanVirus_sand_iw9qq4.jpg
GU02524;Urban Virus Earth;2016;Earth;jpg;Circle;Illustration;50x50 cm;30;https://res.cloudinary.com/drpxmvfoz/image/upload/v1759179993/artPosters/GU02524_urbanVirus_earth_fwvoqh.jpg
GU02525;Urban Virus Mint;2016;Mint;jpg;Circle;Illustration;50x50 cm;30;https://res.cloudinary.com/drpxmvfoz/image/upload/v1759179995/artPosters/GU02525_urbanVirus_mint_lde109.jpg
GU02526;Vertical City;2020;White;jpg;Portrait;Illustration;30x40 cm;10;https://res.cloudinary.com/drpxmvfoz/image/upload/v1759179997/artPosters/GU02526_verticalCity_white_es5z4t.jpg
GU02527;Vertical City Sun;2020;Sun;jpg;Portrait;Illustration;30x40 cm;10;https://res.cloudinary.com/drpxmvfoz/image/upload/v1759179997/artPosters/GU02527_verticalCity_sun_knwt76.jpg
GU02528;Vertical City Sky;2020;Sky;jpg;Portrait;Illustration;30x40 cm;10;https://res.cloudinary.com/drpxmvfoz/image/upload/v1759180000/artPosters/GU02528_verticalCity_sky_wdnqfr.jpg
GU02529;Vertical City Earth;2020;Earth;jpg;Portrait;Illustration;30x40 cm;10;https://res.cloudinary.com/drpxmvfoz/image/upload/v1759179999/artPosters/GU02529_verticalCity_earth_lmlsgv.jpg
GU02530;Vertical City Mint;2020;Mint;jpg;Portrait;Illustration;30x40 cm;10;https://res.cloudinary.com/drpxmvfoz/image/upload/v1759180001/artPosters/GU02530_verticalCity_mint_q62v5g.jpg
GU02531;Permeability;2021;Black;jpg;Landscape;Abstract;30x40 cm;Free;https://res.cloudinary.com/drpxmvfoz/image/upload/v1759180000/artPosters/GU02531_permeability_black_azxtv1.jpg
GU02532;Permeability Sky;2021;Sky;jpg;Landscape;Abstract;30x40 cm;Free;https://res.cloudinary.com/drpxmvfoz/image/upload/v1759180004/artPosters/GU02532_permeability_sand_gjfppi.jpg
GU02533;Permeability Sand;2021;Sand;jpg;Landscape;Abstract;30x40 cm;Free;https://res.cloudinary.com/drpxmvfoz/image/upload/v1759180004/artPosters/GU02533_permeability_sky_r0lvjd.jpg
GU02534;Permeability Earth;2021;Earth;jpg;Landscape;Abstract;30x40 cm;Free;https://res.cloudinary.com/drpxmvfoz/image/upload/v1759180004/artPosters/GU02534_permeability_earth_drnfy0.jpg
GU02535;Permeability Mint;2021;Mint;jpg;Landscape;Abstract;30x40 cm;Free;https://res.cloudinary.com/drpxmvfoz/image/upload/v1759180007/artPosters/GU02535_permeability_mint_hp9ubm.jpg
GU02536;Bauhaus;2025;White;svg;Square;Abstract;50x50 cm;10;https://res.cloudinary.com/drpxmvfoz/image/upload/v1759180008/artPosters/GU02536_bauhaus_white_zreppe.svg
GU02537;Bauhaus black;2025;Black;svg;Square;Abstract;50x50 cm;10;https://res.cloudinary.com/drpxmvfoz/image/upload/v1759180009/artPosters/GU02537_bauhaus_black_kgfxlr.svg
GU02538;Bauhaus sand;2025;Sand;svg;Square;Abstract;50x50 cm;10;https://res.cloudinary.com/drpxmvfoz/image/upload/v1759180010/artPosters/GU02538_bauhaus_sand_vmnucv.svg
GU02539;Bauhaus earth;2025;Earth;svg;Square;Abstract;50x50 cm;10;https://res.cloudinary.com/drpxmvfoz/image/upload/v1759180012/artPosters/GU02539_bauhaus_earth_pqqgdj.svg
GU02540;Bauhaus mint;2025;Mint;svg;Square;Abstract;50x50 cm;10;https://res.cloudinary.com/drpxmvfoz/image/upload/v1759180013/artPosters/GU02540_bauhaus_mint_h2cfqe.svg
GU02541;Heart;2025;White;svg;Landscape;Abstract;20x30 cm;Free;https://res.cloudinary.com/drpxmvfoz/image/upload/v1759180014/artPosters/GU02541_heart_white_tvwxhl.svg
GU02542;Heart Sun;2025;Sun;svg;Landscape;Abstract;20x30 cm;Free;https://res.cloudinary.com/drpxmvfoz/image/upload/v1759180018/artPosters/GU02542_heart_sun_cmrprt.svg
GU02543;Heart Sand;2025;Sand;svg;Landscape;Abstract;20x30 cm;Free;https://res.cloudinary.com/drpxmvfoz/image/upload/v1759180018/artPosters/GU02543_heart_sand_exn99d.svg
GU02544;Heart Earth;2025;Earth;svg;Landscape;Abstract;20x30 cm;Free;https://res.cloudinary.com/drpxmvfoz/image/upload/v1759180019/artPosters/GU02544_heart_earth_ueruuv.svg
GU02545;Heart Mint;2025;Mint;svg;Landscape;Abstract;20x30 cm;Free;https://res.cloudinary.com/drpxmvfoz/image/upload/v1759180019/artPosters/GU02545_heart_mint_v20s3g.svg
GU02546;Seagram ;2025;White;svg;Portrait;Illustration;30x40 cm;Free;https://res.cloudinary.com/drpxmvfoz/image/upload/v1759180020/artPosters/GU02546_seagram_white_fhqdtd.svg
GU02547;Seagram Sun;2025;Sun;svg;Portrait;Illustration;30x40 cm;Free;https://res.cloudinary.com/drpxmvfoz/image/upload/v1759180024/artPosters/GU02547_seagram_sun_fv7hez.svg
GU02548;Seagram Sand;2025;Sand;svg;Portrait;Illustration;30x40 cm;Free;https://res.cloudinary.com/drpxmvfoz/image/upload/v1759180025/artPosters/GU02548_seagram_sand_y8kkcx.svg
GU02549;Seagram Sky;2025;Sky;svg;Portrait;Illustration;30x40 cm;Free;https://res.cloudinary.com/drpxmvfoz/image/upload/v1759180031/artPosters/GU02549_seagram_sky_pl7a8l.svg
GU02550;Seagram Mint;2025;Mint;svg;Portrait;Illustration;30x40 cm;Free;https://res.cloudinary.com/drpxmvfoz/image/upload/v1759180027/artPosters/GU02550_seagram_mint_safpds.svg
GU02551;Chrysler;2025;White;svg;Portrait;Illustration;30x40 cm;Free;https://res.cloudinary.com/drpxmvfoz/image/upload/v1759180027/artPosters/GU02551_chrysler_pdmyap.svg
GU02552;Chrysler Earth;2025;Earth;svg;Portrait;Illustration;30x40 cm;Free;https://res.cloudinary.com/drpxmvfoz/image/upload/v1759180028/artPosters/GU02552_chrysler_earth_pojcs0.svg
GU02553;Chrysler Sand;2025;Sand;svg;Portrait;Illustration;30x40 cm;Free;https://res.cloudinary.com/drpxmvfoz/image/upload/v1759180028/artPosters/GU02553_chrysler_sand_xsmgnm.svg
GU02554;Chrysler Sky;2025;Sky;svg;Portrait;Illustration;30x40 cm;Free;https://res.cloudinary.com/drpxmvfoz/image/upload/v1759180030/artPosters/GU02554_chrysler_sky_lyzukh.svg
GU02555;Chrysler Mint;2025;Mint;svg;Portrait;Illustration;30x40 cm;Free;https://res.cloudinary.com/drpxmvfoz/image/upload/v1759180030/artPosters/GU02555_chrysler_mint_lzlydw.svg
GU02556;Small Steps;2025;White;svg;Portrait;Typography;20x30 cm;Free;https://res.cloudinary.com/drpxmvfoz/image/upload/v1759180031/artPosters/GU02556_smallsteps_lvdtrz.svg
GU02557;Small Steps Black;2025;Black;svg;Portrait;Typography;20x30 cm;Free;https://res.cloudinary.com/drpxmvfoz/image/upload/v1759180037/artPosters/GU02557_smallsteps_black_hmjdtx.svg
GU02558;Small Steps Mint;2025;Mint;svg;Portrait;Typography;20x30 cm;Free;https://res.cloudinary.com/drpxmvfoz/image/upload/v1759180037/artPosters/GU02558_smallsteps_mint_feq2pu.svg
GU02559;Small Steps Earth;2025;Earth;svg;Portrait;Typography;20x30 cm;Free;https://res.cloudinary.com/drpxmvfoz/image/upload/v1759180038/artPosters/GU02559_smallsteps_earth_dfhd9b.svg
GU02560;Small Steps Sun;2025;Sun;svg;Portrait;Typography;20x30 cm;Free;https://res.cloudinary.com/drpxmvfoz/image/upload/v1759180038/artPosters/GU02560_smallsteps_sun_kc1khl.svg
GU02561;City Virus;2016;White;jpg;Circle;Illustration;50x50 cm;20;https://res.cloudinary.com/drpxmvfoz/image/upload/v1759180044/artPosters/GU02561_cityVirus_filzz6.jpg
GU02562;City Virus Sky;2016;Sky;jpg;Circle;Illustration;50x50 cm;20;https://res.cloudinary.com/drpxmvfoz/image/upload/v1759180044/artPosters/GU02562_cityVirus_sky_zitacv.jpg
GU02563;City Virus Sun;2016;Sun;jpg;Circle;Illustration;50x50 cm;20;https://res.cloudinary.com/drpxmvfoz/image/upload/v1759180047/artPosters/GU02563_cityVirus_sun_ujwlky.jpg
GU02564;City Virus Sand;2016;Sand;jpg;Circle;Illustration;50x50 cm;20;https://res.cloudinary.com/drpxmvfoz/image/upload/v1759180049/artPosters/GU02564_cityVirus_sand_drhebi.jpg
GU02565;City Virus Mint;2016;Mint;jpg;Circle;Illustration;50x50 cm;20;https://res.cloudinary.com/drpxmvfoz/image/upload/v1759180049/artPosters/GU02565_cityVirus_mint_jqo2cb.jpg
GU02566;Supertanker;2017;White;jpg;Landscape;Illustration;30x40 cm;10;https://res.cloudinary.com/drpxmvfoz/image/upload/v1759180050/artPosters/GU02566_supertanker_lhqt58.jpg
GU02567;Supertanker Sky;2017;Sky;jpg;Landscape;Illustration;30x40 cm;10;https://res.cloudinary.com/drpxmvfoz/image/upload/v1759180053/artPosters/GU02567_supertanker_sky_udnkpa.jpg
GU02568;Supertanker Sun;2017;Sun;jpg;Landscape;Illustration;30x40 cm;10;https://res.cloudinary.com/drpxmvfoz/image/upload/v1759180054/artPosters/GU02568_supertanker_sun_hjuina.jpg
GU02569;Supertanker Sand;2017;Sand;jpg;Landscape;Illustration;30x40 cm;10;https://res.cloudinary.com/drpxmvfoz/image/upload/v1759180056/artPosters/GU02569_supertanker_sand_yodrhr.jpg
GU02570;Supertanker Mint;2017;Mint;jpg;Landscape;Illustration;30x40 cm;10;https://res.cloudinary.com/drpxmvfoz/image/upload/v1759180057/artPosters/GU02570_supertanker_mint_b6assc.jpg
GU02571;Urbicide;2014;White;jpg;Landscape;Illustration;30x40 cm;20;https://res.cloudinary.com/drpxmvfoz/image/upload/v1759180058/artPosters/GU02571_urbicide_ydecuu.jpg
GU02572;Urbicide Sky;2014;Sky;jpg;Landscape;Illustration;30x40 cm;20;https://res.cloudinary.com/drpxmvfoz/image/upload/v1759180061/artPosters/GU02572_urbicide_sky_loqqer.jpg
GU02573;Urbicide Sun;2014;Sun;jpg;Landscape;Illustration;30x40 cm;20;https://res.cloudinary.com/drpxmvfoz/image/upload/v1759180062/artPosters/GU02573_urbicide_sun_pfxoou.jpg
GU02574;Urbicide Sand;2014;Sand;jpg;Landscape;Illustration;30x40 cm;20;https://res.cloudinary.com/drpxmvfoz/image/upload/v1759180063/artPosters/GU02574_urbicide_sand_rs38g7.jpg
GU02575;Urbicide Mint;2014;Mint;jpg;Landscape;Illustration;30x40 cm;20;https://res.cloudinary.com/drpxmvfoz/image/upload/v1759180066/artPosters/GU02575_urbicide_mint_zsvsmu.jpg
GU02576;Urban Moon;2014;White;jpg;Circle;Illustration;50x50 cm;Free;https://res.cloudinary.com/drpxmvfoz/image/upload/v1759180067/artPosters/GU02576_urbanMoon_hhldzv.jpg
GU02577;Urban Moon Earth;2014;Earth;jpg;Circle;Illustration;50x50 cm;Free;https://res.cloudinary.com/drpxmvfoz/image/upload/v1759180069/artPosters/GU02577_urbanMoon_earth_keoj0m.jpg
GU02578;Urban Moon Sun;2014;Sun;jpg;Circle;Illustration;50x50 cm;Free;https://res.cloudinary.com/drpxmvfoz/image/upload/v1759180071/artPosters/GU02578_urbanMoon_sun_rywpme.jpg
GU02579;Urban Moon Sand;2014;Sand;jpg;Circle;Illustration;50x50 cm;Free;https://res.cloudinary.com/drpxmvfoz/image/upload/v1759180071/artPosters/GU02579_urbanMoon_sand_hcqsk4.jpg
GU02580;Urban Moon Mint;2014;Mint;jpg;Circle;Illustration;50x50 cm;Free;https://res.cloudinary.com/drpxmvfoz/image/upload/v1759180072/artPosters/GU02580_urbanMoon_mint_zdekmn.jpg
GU02581;Mobius Roof;2025;White;jpg;Portrait;Illustration;20x30 cm;Free;https://res.cloudinary.com/drpxmvfoz/image/upload/v1759180072/artPosters/GU02581_mobiusRoof_ldxpi0.jpg
GU02582;Mobius Roof Earth;2025;Earth;jpg;Portrait;Illustration;20x30 cm;Free;https://res.cloudinary.com/drpxmvfoz/image/upload/v1759180075/artPosters/GU02582_mobiusRoof_earth_fjp5my.jpg
GU02583;Mobius Roof Sky;2025;Sky;jpg;Portrait;Illustration;20x30 cm;Free;https://res.cloudinary.com/drpxmvfoz/image/upload/v1759180078/artPosters/GU02583_mobiusRoof_sky_vmnzwq.jpg
GU02584;Mobius Roof Sand;2025;Sand;jpg;Portrait;Illustration;20x30 cm;Free;https://res.cloudinary.com/drpxmvfoz/image/upload/v1759180079/artPosters/GU02584_mobiusRoof_sand_its8ub.jpg
GU02585;Mobius Roof Mint;2025;Mint;jpg;Portrait;Illustration;20x30 cm;Free;https://res.cloudinary.com/drpxmvfoz/image/upload/v1759180079/artPosters/GU02585_mobiusRoof_mint_e3qpr6.jpg
GU02586;Terraces;2025;White;jpg;Portrait;Illustration;20x30 cm;10;https://res.cloudinary.com/drpxmvfoz/image/upload/v1759180083/artPosters/GU02586_terraces_w89rnx.jpg
GU02587;Terraces Earth;2025;Earth;jpg;Portrait;Illustration;20x30 cm;10;https://res.cloudinary.com/drpxmvfoz/image/upload/v1759180083/artPosters/GU02587_terraces_earth_ws8o5n.jpg
GU02588;Terraces Sun;2025;Sun;jpg;Portrait;Illustration;20x30 cm;10;https://res.cloudinary.com/drpxmvfoz/image/upload/v1759180084/artPosters/GU02588_terraces_sun_uvcjvt.jpg
GU02589;Terraces Sand;2025;Sand;jpg;Portrait;Illustration;20x30 cm;10;https://res.cloudinary.com/drpxmvfoz/image/upload/v1759180087/artPosters/GU02589_terraces_sand_kkex88.jpg
GU02590;Terraces Mint;2025;Mint;jpg;Portrait;Illustration;20x30 cm;10;https://res.cloudinary.com/drpxmvfoz/image/upload/v1759180088/artPosters/GU02590_terraces_mint_oi6iiz.jpg
GU02591;Upside Down;2025;White;jpg;Portrait;Illustration;20x30 cm;10;https://res.cloudinary.com/drpxmvfoz/image/upload/v1759180088/artPosters/GU02591_upsideDown_zxt27g.jpg
GU02592;Upside Down Sky;2025;Sky;jpg;Portrait;Illustration;20x30 cm;10;https://res.cloudinary.com/drpxmvfoz/image/upload/v1759180090/artPosters/GU02592_upsideDown_sky_h3lzrk.jpg
GU02593;Upside Down Sun;2025;Sun;jpg;Portrait;Illustration;20x30 cm;10;https://res.cloudinary.com/drpxmvfoz/image/upload/v1759180092/artPosters/GU02593_upsideDown_sun_rhgenf.jpg
GU02594;Upside Down Sand;2025;Sand;jpg;Portrait;Illustration;20x30 cm;10;https://res.cloudinary.com/drpxmvfoz/image/upload/v1759180095/artPosters/GU02594_upsideDown_sand_fkhheu.jpg
GU02595;Upside Down Mint;2025;Mint;jpg;Portrait;Illustration;20x30 cm;10;https://res.cloudinary.com/drpxmvfoz/image/upload/v1759180096/artPosters/GU02595_upsideDown_mint_coqxzl.jpg
GU02596;Gradient Earth;2025;Earth;jpg;Portrait;Abstract;30x40 cm;Free;https://res.cloudinary.com/drpxmvfoz/image/upload/v1759180096/artPosters/GU02596_gradient_earth_m9wjne.jpg
GU02597;Gradient Sand;2025;Sand;jpg;Portrait;Abstract;30x40 cm;Free;https://res.cloudinary.com/drpxmvfoz/image/upload/v1759180100/artPosters/GU02597_gradient_sand_hdwy3v.jpg
GU02598;Gradient Sun;2025;Sun;jpg;Portrait;Abstract;30x40 cm;Free;https://res.cloudinary.com/drpxmvfoz/image/upload/v1759180100/artPosters/GU02598_gradient_sun_wkmb1c.jpg
GU02599;Gradient Sky;2025;Sky;jpg;Portrait;Abstract;30x40 cm;Free;https://res.cloudinary.com/drpxmvfoz/image/upload/v1759180101/artPosters/GU02599_gradient_sky_alhipy.jpg
GU02600;Gradient Mint;2025;Mint;jpg;Portrait;Abstract;30x40 cm;Free;https://res.cloudinary.com/drpxmvfoz/image/upload/v1759180105/artPosters/GU02600_gradient_mint_xm83p4.jpg
