ID;Name;Text;Rating
R01;Anna L.;Absolutely love these posters! The quality is amazing, and they look great on my wall.;5
R02;David R.;Fast download and easy to print. The art style is perfect for my studio.;4
R03; Sofia M.;I’ve already bought three! They make my apartment feel cozy and unique.;5
R04;Jonas K.;Great selection of designs. Found the perfect match for my living room.;5
R05;Emma T.;Beautiful prints, quality as expected.;4
R06;Lucas P.;The poster colors are vibrant and exactly as shown online. Very satisfied!;5
R07;Chloe D.;Nice variety of styles. Would love to see more limited edition posters.;4
R08;Noah B.;High-quality details. Definitely worth the price.;4
R09;Mia V.;I bought one as a gift and it was a hit! Will order again soon.;5
R10;Oliver S.;Cool concept and easy checkout.;5