ID;Name;Email
1;Alejandro Garcia;alejandro.g1@gmail.com
2;Maria Fernandez;maria.f2@gmail.com
3;Juan Perez;juan.p3@gmail.com
4;Laura Martinez;laura.m4@gmail.com
5;Carlos Rodriguez;carlos.r5@gmail.com
6;Ana Lopez;ana.l6@gmail.com
7;Jose Gonzalez;jose.g7@gmail.com
8;Isabel Sanchez;isabel.s8@gmail.com
9;David Diaz;david.d9@gmail.com
10;Sofia Ramirez;sofia.r10@gmail.com
11;Miguel Torres;miguel.t11@gmail.com
12;Lucia Flores;lucia.f12@gmail.com
13;Diego Gomez;diego.g13@gmail.com
14;Valeria Morales;valeria.m14@gmail.com
15;Andres Romero;andres.r15@gmail.com
16;Carolina Vargas;carolina.v16@gmail.com
17;Ricardo Castro;ricardo.c17@gmail.com
18;Patricia Herrera;patricia.h18@gmail.com
19;Javier Jimenez;javier.j19@gmail.com
20;Mariana Ruiz;mariana.r20@gmail.com
21;Eduardo Ortiz;eduardo.o21@gmail.com
22;Daniela Silva;daniela.s22@gmail.com
23;Fernando Mendoza;fernando.m23@gmail.com
24;Gabriela Paredes;gabriela.p24@gmail.com
25;Luis Pena;luis.p25@gmail.com
26;Paula Rojas;paula.r26@gmail.com
27;Sergio Castillo;sergio.c27@gmail.com
28;Andrea Molina;andrea.m28@gmail.com
29;Manuel Soto;manuel.s29@gmail.com
30;Luciana Valdez;luciana.v30@gmail.com
31;Alberto Navarro;alberto.n31@gmail.com
32;Daniela Campos;daniela.c32@gmail.com
33;Roberto Aguilar;roberto.a33@gmail.com
34;Carla Fuentes;carla.f34@gmail.com
35;Francisco Leon;francisco.l35@gmail.com
36;Maria Jose Vega;mariajose.v36@gmail.com
37;Ricardo Salazar;ricardo.s37@gmail.com
38;Lorena Cruz;lorena.c38@gmail.com
39;Joaquin Rivas;joaquin.r39@gmail.com
40;Natalia Bravo;natalia.b40@gmail.com
41;Hector Pacheco;hector.p41@gmail.com
42;Isabella Aguirre;isabella.a42@gmail.com
43;Carlos Villanueva;carlos.v43@gmail.com
44;Sofia Medina;sofia.m44@gmail.com
45;Andres Cordero;andres.c45@gmail.com
46;Valentina Herrera;valentina.h46@gmail.com
47;Diego Camacho;diego.c47@gmail.com
48;Paola Marquez;paola.m48@gmail.com
49;Javier Campos;javier.c49@gmail.com
50;Mariana Salinas;mariana.s50@gmail.com
51;Luis Ramirez;luis.r51@gmail.com
52;Daniela Castro;daniela.c52@gmail.com
53;Alfonso Rojas;alfonso.r53@gmail.com
54;Lucia Molina;lucia.m54@gmail.com
55;Eduardo Moreno;eduardo.m55@gmail.com
56;Valeria Castillo;valeria.c56@gmail.com
57;Sergio Torres;sergio.t57@gmail.com
58;Carolina Lopez;carolina.l58@gmail.com
59;Diego Flores;diego.f59@gmail.com
60;Paula Herrera;paula.h60@gmail.com
61;Javier Paredes;javier.p61@gmail.com
62;Isabella Vargas;isabella.v62@gmail.com
63;Carlos Medina;carlos.m63@gmail.com
64;Luciana Bravo;luciana.b64@gmail.com
65;Fernando Aguilar;fernando.a65@gmail.com
66;Gabriela Salazar;gabriela.s66@gmail.com
67;Manuel Rivas;manuel.r67@gmail.com
68;Andrea Vega;andrea.v68@gmail.com
69;Ricardo Cordero;ricardo.c69@gmail.com
70;Maria Campos;maria.c70@gmail.com
71;Diego Navarro;diego.n71@gmail.com
72;Natalia Soto;natalia.s72@gmail.com
73;Joaquin Morales;joaquin.m73@gmail.com
74;Lorena Leon;lorena.l74@gmail.com
75;Francisco Aguirre;francisco.a75@gmail.com
76;Paola Romero;paola.r76@gmail.com
77;Luis Rivas;luis.r77@gmail.com
78;Carla Vega;carla.v78@gmail.com
79;Alberto Herrera;alberto.h79@gmail.com
80;Lucia Torres;lucia.t80@gmail.com
81;Eduardo Salinas;eduardo.s81@gmail.com
82;Valentina Campos;valentina.c82@gmail.com
83;Sergio Moreno;sergio.m83@gmail.com
84;Carolina Castillo;carolina.c84@gmail.com
85;Diego Ramirez;diego.r85@gmail.com
86;Paula Salazar;paula.s86@gmail.com
87;Javier Campos;javier.c87@gmail.com
88;Mariana Vega;mariana.v88@gmail.com
89;Luis Herrera;luis.h89@gmail.com
90;Daniela Torres;daniela.t90@gmail.com
91;Fernando Salinas;fernando.s91@gmail.com
92;Gabriela Rivas;gabriela.r92@gmail.com
93;Manuel Molina;manuel.m93@gmail.com
94;Andrea Bravo;andrea.b94@gmail.com
95;Ricardo Aguirre;ricardo.a95@gmail.com
96;Maria Lopez;maria.l96@gmail.com
97;Diego Torres;diego.t97@gmail.com
98;Natalia Castillo;natalia.c98@gmail.com
99;Joaquin Herrera;joaquin.h99@gmail.com
100;Valeria Salazar;valeria.s100@gmail.com
